id,label_malay,label_english,type
C001,kegelisahan,,Condition
TRT001,pernafasan dalam: tarik nafas dalam-dalam,,Treatment
TRT002,tahan sebentar,,Treatment
TRT003,lepaskan secara perlahan. ulangi langkah ini beberapa kali berbual dengan seseorang: berkongsi perasaan dengan orang yang anda percaya boleh meredakan kegelisahan yang dialami. anda boleh meluahkannya kepada ahli keluarga atau rakan baik anda mengatur semula fikiran anda: kenal pasti fikiran-fikiran negatif,,Treatment
STR001,cuba tukarkannya kepada perspektif yang lebih positif lakukan senaman: aktiviti seperti berjoging atau berenang boleh mengurangkan hormon tekanan emosi,,Strategy
STR002,meningkatkan rasa gembira teknik relaksasi: kaedah seperti meditasi atau yoga boleh membantu menenangkan jiwa anda. bagi mereka yang beragama islam,,Strategy
TRT004,anda boleh cuba berzikir,,Treatment
TRT005,membaca al-quran atau bersolat sunat 2 rakaat sebagai kaedah menenangkan diri kurangkan pengambilan kafein,,Treatment
STR003,alkohol : kedua-dua bahan ini merupakan pantang larang kegelisahan,,Strategy
TRT006,boleh mempengaruhi kadar degupan jantung,,Treatment
TRT007,menambah kegelisahan anda atur rutin harian anda: memiliki rutin harian akan memberikan anda rasa teratur,,Treatment
TRT008,mengurangkan kegelisahan rujuk pakar: jika serangan kegelisahan menjadi terlalu kerap,,Treatment
TRT009,ada sesetengah individu yang mungkin akan mengalami sesak nafas apabila terlalu gelisah . apakah cara mengatasi kegelisahan sesak nafas ini? pada ketika ini,,Treatment
TRT010,amat penting untuk anda cuba menenangkan diri,,Treatment
STR004,fokus kepada pernafasan anda. tip untuk mengatasi kegelisahan. teknik pernafasan diafragma sangat membantu. caranya adalah dengan menarik nafas secara dalam melalui hidung,,Strategy
TRT011,pastikan perut anda mengembang. kemudian,,Treatment
TRT012,hembus nafas anda melalui mulut . cara hilangkan serangan kegelisahan ini dapat memastikan tubuh anda mendapat oksigen yang cukup,,Treatment
TRT013,meredakan rasa sesak nafas yang berlaku. jika anda melihat mana-mana individu mengalami sesak nafas disebabkan serangan kegelisahan,,Treatment
STR005,ajarkan mereka teknik ini untuk membantu meredakan serangan kegelisahan yang dialami. kesimpulan walaupun serangan kegelisahan boleh mengganggu aktiviti seharian kita,,Strategy
TRT014,dengan pengetahuan,,Treatment
TRT015,cara hilangkan serangan kegelisahan yang tepat,,Treatment
TRT016,kita sebenarnya boleh menghadapinya. dapatkan bantuan apabila perlu,,Treatment
TRT017,jangan segan untuk berkongsi perasaan anda. perlu diingat bahawa kegelisahan adalah sebahagian daripada kehidupan. namun,,Treatment
TRT018,dengan sokongan,,Treatment
STR006,teknik yang betul,,Strategy
TRT019,kita boleh melaluinya dengan penuh keyakinan,,Treatment
TRT020,gangguan tidur kesukaran untuk menumpukan perhatian boleh meningkatkan risiko penyakit jantung ubat kegelisahan disorder adakah penyakit kegelisahan boleh sembuh? perlu diketahui bahawa tiada penawar untuk gangguan kegelisahan ini. namun,,Treatment
TRT021,ia masih boleh dirawat menerusi penggunaan beberapa jenis ubat kegelisahan hospital. antara ubat biasa yang digunakan untuk gangguan kegelisahan ialah benzodiazepines,,Treatment
TRT022,buspirone,,Treatment
TRT023,antidepresan,,Treatment
TRT024,penyekat beta,,Treatment
TRT025,minyak aromaterapi. lihat penerangan lanjut di bawah ini: #,,Treatment
TRT026,benzodiazepines benzodiazepines adalah salah satu ubat yang kerap digunakan untuk merawat kegelisahan . ia berfungsi dengan meningkatkan kesan neurotransmitter tertentu dalam otak yang dikenali sebagai gaba. ini membantu untuk menenangkan otak,,Treatment
TRT027,mengurangkan perasaan kegelisahan. benzodiazepines biasanya digunakan untuk merawat kegelisahan akut,,Treatment
TRT028,juga gangguan kegelisahan biasa. walau bagaimanapun,,Treatment
TRT029,penggunaan jangka panjang boleh menyebabkan ketagihan,,Treatment
TRT030,beberapa kesan sampingan termasuklah mengantuk,,Treatment
TRT031,kehilangan koordinasi. ubat ini hanya boleh didapati dengan preskripsi doktor. #,,Treatment
TRT032,buspirone buspirone adalah ubat yang dihasilkan khusus untuk merawat kegelisahan kronik. berbeza dengan benzodiazepines,,Treatment
TRT033,ia tidak menyebabkan ketagihan. ubat ini berfungsi dengan cara mempengaruhi neurotransmitter yang terlibat dalam tindak balas kegelisahan . ia juga biasa digunakan untuk merawat gangguan kegelisahan umum. kesannya mungkin lebih lambat berbanding benzodiazepines,,Treatment
TRT034,akan tetapi ia mempunyai kesan sampingan yang lebih sedikit. ubat ini juga memerlukan preskripsi daripada doktor yang merawat anda. #,,Treatment
TRT035,ubat kegelisahan di farmasi: antidepresan ubat antidepresan juga merawat kegelisahan. walaupun kebanyakan ubat penenang depresi digunakan untuk merawat kemurungan,,Treatment
TRT036,namun beberapa jenis antidepresan juga berkesan dalam mengubati kegelisahan. ubat ini bertindak dengan cara menyeimbangkan bahan kimia dalam otak yang mempengaruhi mood,,Treatment
TRT037,emosi. antidepresan boleh membantu merawat pelbagai jenis kegelisahan termasuk gangguan kegelisahan umum,,Treatment
TRT038,gangguan panik . kesannya mungkin boleh dilihat dalam tempoh beberapa minggu selepas pengambilannya. antara kesan sampingan ubat ini termasuklah sakit kepala,,Treatment
TRT039,mual,,Treatment
TRT040,gangguan tidur. ubat ini turut memerlukan preskripsi doktor anda. #,,Treatment
TRT041,ubat kegelisahan : penyekat beta ( beta-blockers ) penyekat beta biasanya digunakan untuk merawat tekanan darah tinggi . akan tetapi,,Treatment
TRT042,ia juga boleh membantu mengurangkan gejala fizikal kegelisahan seperti degupan jantung yang cepat. ia berfungsi dengan menghalang kesan hormon adrenalin. ubat ini boleh digunakan untuk merawat kegelisahan situasi seperti fobia sosial. #,,Treatment
TRT043,minyak aromaterapi minyak aromaterapi boleh menenangkan otak. minyak aromaterapi seperti minyak lavender,,Treatment
TRT044,chamomile boleh membantu meredakan kegelisahan. minyak ini bukanlah sejenis ubat khusus,,Treatment
TRT045,namun ia adalah remedi atau rawatan alternatif bagi beberapa gangguan mental. minyak aromaterapi boleh memberikan kesan menenangkan kepada otak anda apabila dihidu. ia boleh digunakan sebagai sebahagian daripada rutin harian untuk membantu mengurangkan tekanan emosi,,Treatment
TRT046,kegelisahan. minyak ini juga selamat digunakan kerana ia adalah antara kaedah semula jadi dalam merawat kegelisahan. menariknya,,Treatment
TRT047,minyak ini boleh didapati tanpa preskripsi doktor. kesimpulan kegelisahan adalah masalah yang serius,,Treatment
TRT048,memerlukan rawatan yang sesuai. terdapat pelbagai pilihan ubat yang boleh membantu mengurangkan gejala kegelisahan yang anda alami bagi persoalan adakah penyakit kegelisahan boleh sembuh. namun pemilihan ubat ini adalah bergantung kepada perbincangan bersama doktor yang merawat. perhatian! setiap jenis ubat juga mungkin tidak memberikan kesan yang sama kepada individu lain yang menggunakannya. oleh itu,,Treatment
TRT049,amat penting untuk mendapatkan nasihat daripada doktor terlebih dahulu,,Treatment
T001,kegelisahan sosial gangguan kegelisahan umum gangguan tekanan emosi pasca-trauma ( stres pasca trauma ) gangguan kegelisahan boleh menjejaskan cara seseorang berfikir,,Trigger
T002,merasa,,Trigger
T003,bertindak,,Trigger
T004,boleh menimbulkan gejala fizikal yang serius. memahami punca penyakit kegelisahan,,Trigger
T005,emosi. mari kita kenali punca punca kegelisahan serta cara untuk mengenali,,Trigger
T006,mengatasinya. punca penyakit kegelisahan tujuh perkara di bawah ini adalah faktor pemicu yang paling biasa yang mencetuskan tanda tanda kegelisahan : #,,Trigger
T007,pemakanan,,Trigger
T008,kafein pengambilan makanan,,Trigger
T009,minuman berkafein boleh mencetuskan kegelisahan. pemakanan yang tidak seimbang boleh mempengaruhi mood,,Trigger
T010,meningkatkan kegelisahan. misalnya,,Trigger
T011,kekurangan vitamin b,,Trigger
T012,omega-3 boleh menyebabkan simptom kegelisahan muncul. pengambilan kafein yang berlebihan juga boleh meningkatkan tanda tanda kegelisahan seperti degupan jantung,,Trigger
T013,tekanan darah,,Trigger
T014,yang kemudiannya menimbulkan rasa gelisah. mengetahui jenis makanan yang meningkatkan atau mengurangkan kegelisahan dapat membantu dalam pengurusan mood harian anda. #,,Trigger
T015,persekitaran sosial,,Trigger
T016,hubungan interpersonal lingkungan sosial yang buruk,,Trigger
T017,termasuklah hubungan yang toksik atau tekanan di tempat kerja,,Trigger
T018,boleh mencetuskan kegelisahan. kekurangan sokongan sosial atau berasa terpinggir juga boleh menyebabkan kegelisahan. membina hubungan yang sihat,,Trigger
T019,mendapat sokongan daripada rakan-rakan,,Trigger
T020,keluarga boleh membantu mengelakkan keadaan ini. #,,Trigger
T021,punca penyakit kegelisahan: keadaan kesihatan fizikal kesihatan fizikal sememangnya berkait rapat dengan kesihatan mental anda. penyakit kronik,,Trigger
T022,kesakitan berterusan,,Trigger
T023,atau kegelisahan tentang potensi masalah kesihatan juga boleh mencetuskan kegelisahan. 7 simptom kegelisahan disorder . terdapat juga penyakit seperti tiroid hiperaktif yang boleh memicu gejala kegelisahan. komunikasi secara terbuka dengan profesional kesihatan dapat membantu dalam pengurusan simptom ini. #,,Trigger
T024,masalah kewangan masalah kewangan sering kali menjadi punca kegelisahan depresi . tekanan untuk membayar bil,,Trigger
T025,kehilangan pekerjaan,,Trigger
T026,atau pembayaran hutang boleh mengakibatkan kegelisahan kronik. pengurusan kewangan yang bijak seperti menyediakan bajet,,Trigger
T027,menyimpan wang simpanan,,Trigger
T028,boleh membantu mengurangkan tekanan emosi kewangan,,Trigger
T029,kegelisahan yang berkaitan. #,,Trigger
T030,punca penyakit kegelisahan: bahan kimia,,Trigger
T031,ubat-ubatan penggunaan bahan kimia termasuklah alkohol,,Trigger
T032,dadah,,Trigger
T033,boleh mencetuskan atau memburukkan lagi gejala penyakit kegelisahan . ubat-ubatan seperti pil diet atau ubat yang mengandungi kafein juga boleh meningkatkan simptom kegelisahan. sebaiknya,,Trigger
T034,anda perlu berhenti atau mengurangkan penggunaan bahan-bahan ini dengan bantuan profesional kesihatan. cara ini boleh membantu mengurangkan simptom kegelisahan daripada berlaku. #,,Trigger
T035,peristiwa traumatik pengalaman trauma boleh menyebabkan kegelisahan . pengalaman traumatik seperti kemalangan,,Trigger
T036,peperangan,,Trigger
T037,atau menjadi mangsa jenayah boleh meninggalkan kesan mendalam,,Trigger
T038,mencetuskan stres pasca trauma. stres pasca trauma merupakan antara jenis gangguan kegelisahan yang agak kuat. terapi seperti emdr boleh digunakan untuk merawat trauma,,Trigger
T039,mengurangkan simptom kegelisahan yang berkaitan. #,,Trigger
T040,kecenderungan genetik,,Trigger
T041,biokimia faktor genetik,,Trigger
T042,biokimia turut berperanan dalam risiko penyakit kegelisahan ini. sejarah keluarga yang mempunyai gangguan kegelisahan,,Trigger
T043,atau ketidakseimbangan kimia dalam otak boleh menjadi antara faktor risikonya. namun,,Trigger
T044,ia boleh dikendalikan dengan bantuan melalui ubat-ubatan atau terapi. kesimpulan kini anda telah mengetahui 7 punca penyakit kegelisahan yang biasa berlaku. ambil perhatian bahawa kegelisahan adalah respons kompleks yang dipengaruhi oleh banyak faktor. ia boleh meliputi soal pemakanan,,Trigger
T045,hubungan sosial hingga kepada faktor kesihatan fizikal,,Trigger
T046,tanda-tanda serangan kegelisahan adalah langkah penting dalam mengendalikannya. dalam kebanyakan kes,,Trigger
T047,bantuan daripada profesional kesihatan mental adalah penting dalam mencari pendekatan yang paling sesuai,,Trigger
T048,berkesan,,Trigger
S001,sakit pada bahagian dada jantung berdegup kencang kesukaran bernafas seperti hiperventilasi menggeletar menggigil loya berpeluh-peluh kesemutan atau kebas pada jari tangan atau kaki anda selain simptom serangan kegelisahan di atas,,Symptom
S002,anda juga mungkin akan merasakan beberapa perkara lain seperti di bawah ini: tekanan atau ketakutan yang teruk rasa seperti tercekik takut hilang kawalan rasa seperti anda akan mati derealisasi (tidak merasakan realiti di sekeliling) atau depersonalisasi (perasaan terasing daripada diri sendiri) serangan kegelisahan ini sangat tidak menyenangkan,,Symptom
S003,ia juga boleh menjadi sesuatu yang menakutkan. antara tanda-tanda kegelisahan. jika anda mengalami simptom serangan kegelisahan,,Symptom
S004,adalah penting untuk berjumpa dengan profesional kesihatan seberapa segera. mereka boleh melakukan diagnosis,,Symptom
S005,tiada pencetus khusus yang menyebabkan serangan kegelisahan ini terjadi. akan tetapi,,Symptom
S006,individu yang mempunyai fobia boleh mengalami pencetus berkaitan fobia yang membawa kepada serangan kegelisahan. sebagai contoh,,Symptom
S007,seseorang yang mempunyai trypanophobia (ketakutan teruk terhadap jarum) mungkin mengalami serangan kegelisahan jika mereka perlu melakukan ujian darah untuk tujuan perubatan . bagi sesetengah individu lain pula,,Symptom
S008,ketakutan untuk mengalami serangan kegelisahan itu sendiri biasanya sudah cukup untuk menjadi pencetus kepada berlakunya serangan kegelisahan. oleh sebab itu,,Symptom
S009,adalah amat penting untuk mengambil perhatian bahawa salah satu kriteria untuk gangguan ini ialah ia tidak mempunyai pencetus yang diketahui atau benar-benar jelas. ini punca serangan kegelisahan. bila perlu mendapatkan bantuan? talian yang boleh anda hubungi untuk mendapatkan bantuan. apakah cara merawat kegelisahan? berjumpalah dengan doktor atau profesional kesihatan jika anda telah mengalami gejala gangguan kegelisahan. doktor akan meminta anda menerangkan simptom-simptom yang berlaku,,Symptom
S010,kekerapan anda mengalaminya,,Symptom
S011,berapa lama tempoh anda mengalaminya. doktor juga mungkin menjalankan pemeriksaan fizikal untuk menilai keadaan lain yang boleh menyebabkan gejala anda. kita memahami bahawa kadangkala agak sukar untuk bercakap tentang perasaan,,Symptom
S012,emosi,,Symptom
S013,kehidupan peribadi masing-masing. anda mungkin mengalami gangguan kegelisahan jika: anda alami serangan yang kerap,,Symptom
S014,tidak dijangka,,Symptom
S015,diikuti dengan sekurang-kurangnya kegelisahan berterusan yang berlaku selama sebulan atau,,Symptom
S016,kegelisahan akan mengalami serangan lain pada masa akan datang,,Symptom
TRT050,kafein menurut persatuan kopi amerika syarikat,,Treatment
TRT051,62% rakyat negara tersebut minum kopi. namun,,Treatment
TRT052,tahukah anda,,Treatment
TRT053,kopi mungkin dalang sebenar di sebalik kegelisahan yang anda alami? jika anda sering berdebar atau resah,,Treatment
TRT054,elakkan kopi kerana ia merupakan salah satu penyebab simptom kegelisahan teruk! kopi merupakan sejenis stimulan. malah,,Treatment
TRT055,bagi penghidap kegelisahan,,Treatment
TRT056,kopi mungkin mendatangkan lebih banyak keburukan daripada kebaikan. jadi,,Treatment
TRT057,fikir dulu sebelum anda teguk kopi bagi memulakan sebarang kerja! benar,,Treatment
TRT058,kopi merupakan minuman yang selamat terutamanya jika diambil dalam dos yang rendah. namun,,Treatment
TRT059,kajian menunjukkan minuman ini boleh membuatkan keresahan menjadi semakin serius,,Treatment
TRT060,boleh menyebabkan serangan panik! tip: orang dewasa yang mengambil lebih daripada 400 mg kafein setiap hari lebih berisiko mengalami keresahan,,Treatment
TRT061,serangan panik. jika anda penggemar kopi,,Treatment
STR007,ketahuilah bahawa secawan kopi bersaiz ‘grande’ mengandungi hampir 310 mg kafein! pantang larang kegelisahan 2: gula suka teh ais,,Strategy
TRT062,makanan manis,,Treatment
TRT063,juga pencuci mulut? inilah masanya untuk anda kurangkan pengambilan makanan bergula. menurut pakar,,Treatment
TRT064,gula merupakan penyebab utama keresahan,,Treatment
TRT065,juga depresi! menurut sebuah kajian yang dimuatkan di dalam the american journal of clinical nutrition,,Treatment
TRT066,peningkatan pengambilan gula dalam diet harian didapati dapat meningkatkan risiko depresi. makanan yang manis akan meningkatkan kadar gula dalam darah . akibatnya,,Treatment
TRT067,anda akan jadi makin resah,,Treatment
TRT068,gelisah! jika boleh,,Treatment
TRT069,jauhkan diri daripada makanan bergula. bukannya tidak boleh,,Treatment
TRT070,tapi simpan makanan manis untuk acara yang istimewa sahaja ya! tip: jika anda inginkan sesuatu yang manis,,Treatment
TRT071,beralihlah kepada buah-buahan segar seperti epal,,Treatment
TRT072,pir,,Treatment
TRT073,beri atau oren,,Treatment
TRT074,makanan segera atau daging yang diproses makanan yang menyebabkan kegelisahan. daging yang diproses,,Treatment
TRT075,makanan segera seperti pizza,,Treatment
TRT076,sosej,,Treatment
TRT077,kentang goreng,,Treatment
TRT078,gula-gula,,Treatment
TRT079,makanan bergoreng merupakan antara punca inflamasi. jika diambil terlalu banyak,,Treatment
TRT080,ia boleh menyebabkan kegelisahan,,Treatment
TRT081,membuatkan mood anda terganggu. benar,,Treatment
TRT082,makanan ini mudah disediakan,,Treatment
TRT083,boleh didapati dengan harga yang murah. menurut sebuah kajian yang dimuatkan dalam jurnal public health nutrition,,Treatment
TRT084,individu yang gemar mengambil makanan segera mempunyai risiko sebanyak 51% untuk mengalami depresi berbanding mereka yang tidak mengambilnya. amalkan pengambilan makanan hilangkan kegelisahan yang sihat untuk mengurangkan simptom kegelisahan teruk anda. diet yang kaya dengan bijirin penuh,,Treatment
TRT085,buah-buahan,,Treatment
TRT086,sayur-sayuran,,Treatment
TRT087,ikan dapat membuatkan anda rasa lebih sihat,,Treatment
STR008,bertenaga. pantang larang kegelisahan 4: minuman beralkohol minuman beralkohol tidak akan menghilangkan masalah anda,,Strategy
TRT088,ia hanya akan membuatkan anda semakin resah! sebab itulah,,Treatment
STR009,sebarang minuman beralkohol merupakan pantang larang kegelisahan ! menurut pakar,,Strategy
TRT089,minuman ini mempunyai kesan negatif terhadap kesihatan. selain itu,,Treatment
TRT090,ia akan menyebabkan dehidrasi,,Treatment
TRT091,akan mencetuskan pelbagai simptom kegelisahan. ambil minuman ini secara sederhana. jika anda menghidap penyakit tertentu,,Treatment
TRT092,elakkan minuman beralkohol,,Treatment
TRT093,ubat-ubatan tertentu kesan sampingan ubat-ubatan. ada beberapa jenis ubat-ubatan yang mempunyai kesan sampingan tertentu. malah,,Treatment
TRT094,ada antaranya yang akan mencetuskan simptom kegelisahan atau serangan panik. antara ubat yang mempunyai kesan sampingan sebegini ialah ubat-ubatan tiroid,,Treatment
TRT095,asma. jika anda mengambil ubat untuk merawat kegelisahan contohnya benzodiazepines,,Treatment
TRT096,pastikan anda mengambilnya mengikut arahan doktor. jangan berhenti secara tiba-tiba kerana ia hanya akan menyebabkan keresahan anda menjadi semakin serius. cara hilangkan serangan kegelisahan berikut merupakan cara merawat kegelisahan tanpa ubat yang anda boleh lakukan: berehat jika perlu. tonton televisyen,,Treatment
TRT097,dengar lagu,,Treatment
TRT098,berminyak,,Treatment
TRT099,berlemak. kurangkan pengambilan alkohol,,Treatment
STR010,kafein. kedua minuman ini adalah pantang larang kegelisahan. dapatkan tidur yang mencukupi. bersenam setiap hari juga merupakan cara hilangkan serangan kegelisahan yang berkesan. senaman dapat membuatkan mood anda stabil. berpandangan positif. belajar tentang kondisi anda,,Strategy
TRT100,perhubungan,,Treatment
TRT101,kehidupan seharian rasa takut,,Treatment
TRT102,gelisah yang sukar untuk dikawal kegelisahan yang dialami berkait rapat dengan kesihatan fizikal ingin membunuh diri [embed-health-tool-bmi],,Treatment
S017,jantung selalu berdebar,,Symptom
S018,antara tanda-tanda serangan kegelisahan menurut national institute of mental health (nimh),,Symptom
S019,jantung yang berdebar lebih laju daripada biasa merupakan salah satu tanda kegelisahan. kajian menunjukkan,,Symptom
S020,individu yang sedang mengalami tekanan perasaan akan menghasilkan hormon adrenalin. hormon ini akan menyebabkan jantung mengepam dengan lebih pantas. seperti yang dijelaskan sebelum ini,,Symptom
S021,tindak balas lawan atau lari pesakit akan diaktifkan ketika mereka rasa gelisah atau bimbang. akibatnya,,Symptom
S022,jantung pesakit akan berdegup dengan laju tanpa sebab. cara mengawal kegelisahan dengan menonton cerita seram. #,,Symptom
S023,sering sesak nafas tanda penyakit kegelisahan penghidap kegelisahan akan mengalami hiperventilasi kesan daripada degupan jantung yang terlalu pantas. hiperventilasi akan menyebabkan pernafasan menjadi laju,,Symptom
S024,mungkin akan membuatkan pesakit sesak nafas. apabila kita bernafas,,Symptom
S025,kita akan menyedut oksigen,,Symptom
S026,menghembus karbon dioksida. namun,,Symptom
S027,jika kita bernafas terlalu laju,,Symptom
S028,tahap karbon dioksida dalam darah akan berkurang untuk memastikan badan mendapat lebih banyak oksigen. sebab itulah,,Symptom
S029,pesakit kegelisahan akan nampak ‘kepenatan’ umpama baru selesai berlari! latihan pernafasan amat penting untuk mereka yang menghidap masalah kegelisahan . dengan pernafasan yang betul,,Symptom
S030,pesakit boleh bernafas dengan perlahan,,Symptom
S031,menggunakan diafragma untuk lebih relaks,,Symptom
S032,bertenang. tanda-tanda serangan kegelisahan #,,Symptom
S033,rasa penat sepanjang masa selain itu,,Symptom
S034,rasa penat yang berpanjangan juga boleh menjadi petanda kegelisahan . rasa bimbang,,Symptom
S035,gelisah sepanjang masa boleh menyebabkan badan kita sentiasa berada dalam keadaan ‘berjaga-jaga’. kegelisahan yang dialami juga boleh menyebabkan pesakit sukar untuk tidur,,Symptom
S036,membuatkan keletihan yang berlaku menjadi bertambah serius. #,,Symptom
S037,sukar tidur malam kesan kegelisahan terhadap kualiti tidur. jika anda sukar tidur,,Symptom
S038,atau sering terjaga tengah malam,,Symptom
S039,tidak boleh tidur semula,,Symptom
S040,ini mungkin berlaku disebabkan penyakit kegelisahan. tahap hormon tekanan emosi dalam badan yang terlalu tinggi membuatkan pesakit sukar untuk relaks,,Symptom
S041,tidur lena. masalah ini akan menjadi semakin teruk jika pesakit mengambil kafein pada keesokan harinya untuk kekal berjaga. malah,,Symptom
S042,simptom penyakit kegelisahan juga akan menjadi lebih teruk disebabkan kopi. #,,Symptom
S043,otot rasa kejang,,Symptom
S044,sakit disebabkan penyakit kegelisahan otot manusia akan mengeras,,Symptom
S045,menjadi kejang sebagai respons semula jadi terhadap tekanan emosi. malah,,Symptom
S046,mereka yang sering tertekan juga cenderung ‘mengeraskan’ otot mereka tanpa sedar dalam satu tempoh masa yang panjang. oleh sebab itu,,Symptom
S047,penghidap kegelisahan selalunya akan rasa sakit pada : kawasan bahu belakang badan leher malah,,Symptom
S048,ada juga yang akan mengetap gigi tanpa sedar,,Symptom
S049,menyebabkan kesakitan di sekitar rahang. lama-kelamaan,,Symptom
S050,pesakit boleh menghidap migrain atau sakit kepala disebabkan terlampau tekanan emosi. #,,Symptom
S051,tidak sedap perut perut kembung,,Symptom
S052,cirit-birit,,Symptom
S053,kerap sendawa juga merupakan tanda kegelisahan . walaupun nampak biasa,,Symptom
S054,semua simptom ini boleh mengganggu kehidupan pesakit jika ia tidak dirawat secepat mungkin. #,,Symptom
S055,penyakit kegelisahan menyebabkan anda rasa loya tidak dinafikan,,Symptom
S056,masalah kegelisahan boleh memberikan kesan buruk pada sistem penghadaman seseorang. menurut sebuah kajian yang dimuatkan di dalam jurnal general hospital psychiatry,,Symptom
S057,individu yang mengalami kegelisahan mempunyai kebarangkalian yang lebih tinggi untuk muntah atau rasa loya selepas makan. #,,Symptom
S058,tidak berhenti berpeluh kegelisahan menyebabkan individu berpeluh dengan lebih banyak. disebabkan rasa gemuruh,,Symptom
S059,gelisah yang berpanjangan,,Symptom
S060,pesakit akan kerap berpeluh lebih-lebih lagi di kawasan tapak tangan atau ketiak. simptom ini juga akan membuatkan penghidap kegelisahan rasa runsing,,Symptom
S061,rendah keyakinan diri. makin memburukkan keadaan,,Symptom
S062,pesakit juga mungkin akan alami masalah bau badan yang teruk. simptom penyakit kegelisahan #,,Symptom
S063,terlebih makan atau kurang selera makan masalah kegelisahan juga boleh membuatkan anda terlebih makan atau kurang selera makan . ada orang yang tidak lalu makan disebabkan rasa tekanan emosi yang berpanjangan. namun,,Symptom
S064,ada juga yang akan ‘ craving ’ makanan yang manis,,Symptom
S065,berlemak disebabkan tekanan emosi yang dialami! #,,Symptom
S066,jari atau tangan menggigil ini merupakan antara tanda-tanda penyakit kegelisahan disorder . kadangkala,,Symptom
S067,tangan atau jari akan mula menggigil tanpa sebab . menurut nimh,,Symptom
S068,ini merupakan salah satu kesan sampingan peningkatan hormon tekanan emosi dalam badan. kondisi ini juga boleh mendatangkan bahaya,,Symptom
S069,lebih-lebih lagi jika ia berlaku ketika anda sedang memandu. kesimpulan jika anda mempunyai tanda-tanda serangan kegelisahan,,Symptom
S070,cepat-cepatlah berjumpa doktor untuk rawatan susulan. dengan bantuan pakar,,Symptom
S071,anda dapat belajar cara hilangkan penyakit kegelisahan,,Symptom
C002,perasaan marah muncul selepas rasa resah gelisah? ada kaitan ke?,,Condition
C003,rasa resah gelisah,,Condition
S072,marah,,Symptom
C004,serangan panik,,Condition
C005,kegelisahan: macam sama tapi tak serupa!,,Condition
C006,tekanan emosi pasca trauma stres pasca trauma,,Condition
C007,gangguan obsesif kompulsif,,Condition
C008,fobia badut,,Condition
T049,anak takut gelap,,Trigger
T050,raksasa@hantu? ketahui fobia lazim bayi,,Trigger
T051,kanak-kanak & remaja takut tinggi? takut air? ini merupakan jenis fobia yang mungkin anda alami simptom coulrophobia sama seperti fobia-fobia yang lain,,Trigger
T052,individu yang menghidap fobia badut akan mempunyai rasa takut yang amat sangat apabila berhadapan dengan objek yang mereka takuti. selain itu,,Trigger
T053,simptom lain termasuklah: berpeluh muntah atau mual rasa takut degup jantung jadi pantas,,Trigger
T054,nafas laju menangis atau menjerit rasa marah jika dipaksa berada dalam tempat yang sama dengan badut bolehkah penyakit fobia ini dirawat? rasa takut terhadap badut akan dirawat sama seperti fobia lain iaitu dengan cara mengelakkan diri dari berjumpa objek yang boleh mencetuskan fobia tersebut. mujurlah fobia ini tidak akan membuatkan penghidapnya sukar untuk menjalani hari mereka dengan normal. bukan seperti fobia untuk tidur ataupun fobia ketika berada dalam ruang yang sempit,,Trigger
T055,coulphobia masih boleh dielakkan,,Trigger
T056,tidak memberi kesan buruk kepada kesihatan penghidapnya. walau bagaimanapun,,Trigger
T057,jika anda rasa anda mempunyai coulphobia,,Trigger
T058,ingin mendapatkan rawatan lanjut,,Trigger
T059,anda boleh buat demikian dengan melawat klinik ataupun hospital terdekat. pesakit fobia jenis coulphobia boleh melalui terapi kognitif tingkah laku untuk membantu mereka kenal pasti rasa takut yang sebenar,,Trigger
T060,bezakannya dengan rasa takut yang terhasil akibat daripada imaginasi sahaja. dalam sesetengah kes,,Trigger
T061,ubat untuk merawat kegelisahan boleh diberikan kepada pesakit untuk bantu melegakan simptom yang mampu membuatkan penghidap fobia ini tekanan emosi,,Trigger
C009,cara mengatasi kegelisahan,,Condition
TRT103,bersenam melakukan aktiviti fizikal adalah cara terbaik untuk mengatasi rasa cemas,,Treatment
TRT104,juga tekanan yang anda alami. ia mungkin kedengaran pelik,,Treatment
TRT105,juga merokok. jika anda memilih untuk meminum alkohol sebagai cara mengatasi kegelisahan,,Treatment
TRT106,ia hanya dapat menghilangkan rasa cemas itu untuk tempoh sementara. lebih membimbangkan anda mungkin akan mengembangkan masalah kebergantungan kepada alkohol pula. merokok adalah 1 pilihan biasa ketika berdepan tekanan,,Treatment
TRT107,bukan? tetapi sama seperti pengambilan alkohol,,Treatment
TRT108,ia hanya akan memburukkan lagi kegelisahan yang anda alami dari masa ke masa. jadi mungkin sudah tiba masanya untuk anda mengurangkan tabiat tidak sihat anda ini bagi membantu mengawal masalah kegelisahan anda. nyalaan lilin aroma terapi penggunaan lilin dengan haruman aroma terapi dapat membantu mengurangkan tekanan,,Treatment
TRT109,kegelisahan. kajian menunjukkan bahawa aroma terapi dapat memberikan manfaat seperti: membantu anda tidur membantu anda lebih tenang meningkatkan emosi mengurangkan denyutan jantung,,Treatment
TRT110,tekanan darah terdapat beberapa pilihan haruman yang dapat meningkatkan ketenangan dalam diri,,Treatment
TRT111,antaranya: lavender ros kenanga oren sandalwood limau gedang kurangkan pengambilan kafein kafein boleh didapati dalam kopi,,Treatment
TRT112,teh,,Treatment
TRT113,coklat serta minuman tenaga . pengambilannya secara berlebihan boleh meningkatkan rasa cemas,,Treatment
TRT114,gelisah. jika anda menyedari kafein membuatkan anda berasa gelisah,,Treatment
TRT115,sebaiknya pertimbangkan untuk mengurangkan pengambilan jumlah kafein harian. ini adalah cara mengatasi kegelisahan yang terbaik untuk anda cuba. luangkan masa bersama sokongan daripada keluarga,,Treatment
TRT116,rakan baik pastinya dapat membantu anda untuk mengatasi masa-masa yang sukar. kajian menunjukkan wanita yang meluangkan masa dengan rakan,,Treatment
TRT117,anak-anak,,Treatment
TRT118,akan menghasilkan hormon oxytocin,,Treatment
TRT119,yang berfungsi untuk melegakan tekanan secara semula jadi. pastinya manfaat ini juga dapat dirasai oleh individu lelaki. bersama ahli keluarga,,Treatment
TRT120,rakan-rakan bergelak ketawa juga dapat mengurangkan tekanan yang dilalui . ketawa membantu mengurangkan tindak balas tekanan,,Treatment
TRT121,memberikan ketenangan kepada otot. untuk jangka masa panjang,,Treatment
TRT122,ketawa dapat memperbaiki sistem imun,,Treatment
TRT123,emosi anda. jadi cubalah untuk menonton rancangan televisyen yang lawak atau melayani keletah anak-anak,,Treatment
STR011,pastinya dapat membuatkan anda ketawa. pernafasan mendalam + yoga + tekanan kepada mental boleh mengaktifkan sistem saraf simpatetik anda . ia akan memberikan isyarat kepada badan untuk berada dalam mood fight or flight – tindak balas melawan atau membiarkan sesuatu perkara itu berlalu. dalam tindak balas itu,,Strategy
TRT124,hormon tekanan akan dilepaskan,,Treatment
TRT125,anda akan menghadapi simptom fizikal seperti denyutan jantung laju,,Treatment
TRT126,pernafasan cepat,,Treatment
TRT127,saluran darah tersekat. melakukan pernafasan mendalam,,Treatment
STR012,yoga atau sebarang kaedah meditasi adalah cara mengatasi kegelisahan yang dapat membantu mengawal tindak balas ini. tujuannya adalah untuk memperlahankan kembali denyutan,,Strategy
TRT128,pernafasan anda kepada normal. apabila anda berada dalam keadaan normal,,Treatment
TRT129,anda akan berasa lebih tenang. bermain bersama haiwan peliharaan anda mempunyai haiwan peliharaan seperti kucing mahupun anjing? itu bagus,,Treatment
TRT130,kerana haiwan peliharaan juga dapat membantu mengurangkan tekanan,,Treatment
TRT131,memperbaiki emosi anda. berinteraksi dengan haiwan peliharaan boleh membantu penghasilan hormon oxytocin – bahan kimia dalam otak yang mempromosikan emosi positif. mempunyai haiwan peliharaan dapat menjadikan anda lebih aktif,,Treatment
TRT132,boleh dianggap sebagai peneman ketika sunyi. belajar mengawal tekanan tekanan,,Treatment
TRT133,rasa cemas boleh meningkat apabila anda tekanan emosi dengan kehidupan peribadi atau ketika bekerja . tetapi itu tidak bermakna anda perlu membiarkan tekanan menguasai diri anda. terdapat pelbagai kaedah,,Treatment
TRT134,cara mengatasi kegelisahan serta tekanan yang boleh anda cuba lakukan. paling utama,,Treatment
TRT135,sentiasa menjaga kesihatan diri,,Treatment
TRT136,belajar untuk seimbangkan antara kehidupan peribadi,,Treatment
TRT137,pekerjaan,,Treatment
C010,ketahui apa itu gangguan kegelisahan - hello doktor,,Condition
C011,serangan panik - hello doktor,,Condition
C012,jenis ketakutan yang mungkin anda sedang alami,,Condition
C013,gangguan,,Condition
C014,tekanan selepas trauma? lakukan cara ini - hello doktor,,Condition
C015,simptom umum gangguan tekanan selepas trauma - hello doktor,,Condition
S073,berlaku lebih dari 3 bulan menyebabkan anda mengalami tekanan mengganggu tugasan harian,,Symptom
S074,kerja,,Symptom
S075,kehidupan anda simptom emosi melibatkan rasa kemurungan,,Symptom
S076,kegelisahan,,Symptom
S077,rasa bersalah,,Symptom
S078,perasaan yang kosong. simptom lain adalah anhedonia,,Symptom
S079,emosi yang dikategorikan sebagai hilang minat dalam aktiviti-aktiviti yang dahulunya menyeronokkan. national center for biotechnology information (ncbi),,Symptom
S080,mengatakan ia berkemungkinan boleh menyebabkan berlakunya gangguan psikiatri. simptom fizikal ncbi mendokumenkan beberapa laporan mengenai mengenai masalah fizikal berkaitan stres pasca trauma adalah termasuk peningkatan simptom kadar neurologi,,Symptom
S081,pernafasan,,Symptom
S082,musculoskeletal,,Symptom
S083,kardiovaskular. kemurungan,,Symptom
S084,tekanan,,Symptom
S085,masalah tidur boleh menyumbang kepada penyakit fizikal. kesan jangka masa pendek,,Symptom
S086,jangka masa panjang gangguan tekanan selepas trauma boleh menyebabkan kehilangan ingatan jangka pendek,,Symptom
S087,boleh membawa kesan psikologi jangka panjang yang kronik,,Symptom
S088,ncbi. nasib baik,,Symptom
S089,rawatan psikoterapi dapat membantu meringankan,,Symptom
S090,mengurangkan kesan jangka pendek,,Symptom
S091,untuk sesetengah individu,,Symptom
S092,ia mungkin berlaku selepas sebulan atau mungkin setahun selepas kejadian. simptom mungkin datang,,Symptom
S093,pergi selepas beberapa tahun. oleh kerana itu,,Symptom
S094,anda perlu perlu mencatatkan sebarang simptom yang anda hadapi,,Symptom
S095,bincangkan dengan individu yang anda percayai. jika anda hadapi simptom untuk lebih dari 4 minggu,,Symptom
S096,yang menyebabkan anda berdepan tekanan,,Symptom
S097,mengganggu kehidupan kerja atau rumah,,Symptom
S098,anda mungkin alami stres pasca trauma. dapatkanlah bantuan profesional dari doktor atau kaunselor. hello health group tidak memberikan nasihat,,Symptom
S099,diagnosis atau rawatan perubatan,,Symptom
C016,apa yang anda tahu tentang kegelisahan? - hello doktor,,Condition
C017,bagaimana ingin mengatasi perasaan gemuruh? - hello doktor,,Condition
C018,serangan panik: rasa takut,,Condition
C019,berdebat secara tiba-tiba,,Condition
C020,agorafobia adalah bukan sebarang fobia,,Condition
C021,ketakutan menyebabkan gangguan panik? - hello doktor,,Condition
C022,tentangnya,,Condition
C023,ketahui bahaya penyakit bipolar mania terhadap remaja! - hello doktor,,Condition
C024,perubahan gaya hidup mampu kurangkan kemurungan,,Condition
C025,orang yang kemurungan undang aura negatif untuk anda? - hello doktor,,Condition
C026,kemurungan atau depresi: 5 tip mudah jalani kehidupan yang lancar,,Condition
C027,masalah kemurungan,,Condition
C028,keresahan: 6 salah faham umum,,Condition
C029,jenis jenis kemurungan ada 6,,Condition
C030,bipolar ke orang yang alami perubahan mood? - hello doktor,,Condition
C031,fakta,,Condition
C032,mitos tentang kemurungan - hello doktor,,Condition
C033,tanda-tanda kemurungan - hello doktor,,Condition
S100,rasa sedih,,Symptom
S101,kekosongan,,Symptom
S102,cemas mempunyai perasaan berputus asa mudah marah untuk perkara yang kecil mudah keletihan,,Symptom
S103,rasa kehilangan tenaga hilang keinginan untuk melakukan sesuatu yang digemari sebelum ini tidur tidak mencukupi,,Symptom
S104,atau tidur berlebihan perlahan dalam pergerakan atau pemikiran sukar untuk fokus merasa sakit pada bahagian belakang,,Symptom
S105,kepala tetapi tidak mengetahui sebabnya rasa bersalah,,Symptom
S106,tidak berguna. menyalahkan diri sendiri atas kesilapan individu lain berkeinginan untuk membunuh diri atau mencuba untuk membunuh diri jika anda mengalami simptom seperti ini sepanjang hari,,Symptom
S107,berlarutan sehingga 2 minggu atau lebih,,Symptom
S108,anda mungkin mengalami kemurungan. berjumpalah doktor untuk memeriksa keadaan sebenar diri anda. tanda kemurungan bagi kanak-kanak,,Symptom
S109,remaja simptom yang dihadapi kanak-kanak,,Symptom
S110,remaja mungkin berbeza dari individu dewasa. bagi kanak-kanak,,Symptom
S111,mereka mungkin merasa sedih,,Symptom
S112,terganggu,,Symptom
S113,jengkel,,Symptom
S114,bimbang,,Symptom
S115,sakit kepala,,Symptom
S116,sakit belakang,,Symptom
S117,yang menyebabkan mereka tidak mahu pergi ke sekolah. mereka mungkin menghadapi masalah untuk makan bagi remaja,,Symptom
S118,mereka akan berasa sedih,,Symptom
S119,berfikiran negatif,,Symptom
S120,merasa tidak berguna,,Symptom
S121,sensitif. mereka mungkin merasakan prestasi mereka adalah teruk,,Symptom
S122,mereka mungkin menggunakan alkohol,,Symptom
S123,merokok sebagai penyelesaian terhadap masalah mereka tanda kemurungan bagi individu lebih berusia simptom kepada individu yang lebih berusia mungkin sukar untuk dikenal pasti kerana ia mungkin dianggap sebagai sesuatu yang normal seiring dengan pertambahan usia. walau bagaimanapun,,Symptom
S124,kemurungan pada individu yang berusia perlu dirawat. antara simptom biasa yang boleh dilihat: mengalami kesukaran untuk mengingati sesuatu merasa sakit kepala atau kesakitan menjadi mudah lebih mengalami masalah tidur merasa tidak berguna,,Symptom
S125,tidak berdaya lebih gemar duduk di rumah berbanding keluar terfikir untuk membunuh diri senarai di atas adalah tanda-tanda kemurungan yang mungkin berlaku,,Symptom
S126,dihadapi oleh seseorang individu. sesetengahnya mungkin menghadapi semua simptom yang disebutkan di atas,,Symptom
S127,namun,,Symptom
S128,terdapat juga individu yang hanya mengalami sebahagian daripadanya. anda boleh merujuk tanda-tanda ini untuk menentukan sama ada ia adalah masalah kemurungan atau tidak. hello health group tidak memberikan nasihat,,Symptom
C034,balu boleh mati kalau terlampau menderita,,Condition
C035,tanda-tanda biasa depresi - hello doktor,,Condition
S129,tertekan,,Symptom
S130,malas,,Symptom
S131,keletihan yang berlebihan,,Symptom
S132,mungkin tanda yang paling mudah dikenal pasti: hilang minat dalam aktiviti yang menyeronokkan,,Symptom
S133,yang dikenali sebagai anhedonia. simptom-simptomnya beberapa laman web psikologi popular telah menawarkan ujian untuk membantu anda mendiagnosis depresi dengan sendiri. berikut adalah contohnya. jika anda mengalami lebih separuh daripada tanda-tanda ini maka sila berwaspada,,Symptom
S134,keluarga,,Symptom
S135,memilih untuk bersendirian. terpenjara: anda tidak boleh meluahkan perasaan anda. anda menjadi pendiam,,Symptom
S136,malu. benci pada diri sendiri: anda benci kepada diri anda apabila melihat di cermin. ritual yang memakan diri: anda terlibat dalam tingkah laku yang merosakkan seperti minum alkohol,,Symptom
S137,mengambil dadah atau makan berlebihan,,Symptom
S138,walaupun sedar dengan kesan buruknya. bermain dengan kematian: anda bertindak secara melulu atau membahayakandiri,,Symptom
S139,tidak peduli jika anda mendapat cedera parah atau mati. kehidupan adalah sesuatu yang menyusahkan: anda berasa bahawa dunia tidak selari dengan anda. tidak reslistik: anda mempunyai sensasi bahawa hidup anda tidak benar. tiada perkataan yang boleh anda gunakan: anda merasa sukar untuk berkongsi perasaan anda kepada rakan-rakan,,Symptom
S140,keluarga dalam perkataan. sila ingat bahawa,,Symptom
S141,jika anda mengenal pasti sebarang tanda-tanda amaran bagi depresi,,Symptom
S142,sila hubungi pakar kesihatan mental serta-merta,,Symptom
S143,atau pergi ke bahagian kegelisahan hospital tempatan untuk membuat penialian,,Symptom
S144,rawatan segera,,Symptom
C036,tekanan hidup - jangan katakan ini pada orang depresi,,Condition
C037,buli siber memburukkan kualiti tidur,,Condition
C038,tip menyokong ahli keluarga yang alami kemurungan - hello doktor,,Condition
C039,bipolar disorder,,Condition
S145,rasa terlalu gembira untuk jangka waktu yang panjang. kurang keperluan untuk tidur. bercakap dengan cepat,,Symptom
S146,selalunya dengan pemikiran yang cepat. berasa sangat gelisah atau impulsif. menjadi mudah terganggu. terlebih keyakinan diri dalam kebolehan anda. terlibat dalam tingkah laku berisiko,,Symptom
S147,seperti mengadakan hubungan seks rambang,,Symptom
S148,berjudi dengan wang simpanan,,Symptom
S149,atau berbelanja besar. 7 tanda kemurungan seperti mania,,Symptom
S150,kemurungan boleh menyebabkan simptom-simptom lain juga,,Symptom
S151,tetapi di sini terdapat 7 tanda utama kemurungan daripada kecelaruan bipolar: berasa sedih atau putus asa untuk tempoh masa yang lama. memencilkan diri daripada rakan,,Symptom
S152,ahli keluarga. kehilangan minat dalam aktiviti yang pernah anda gemari. mempunyai perubahan ketara dalam selera makan. berasa keletihan atau kurang tenaga. mempunyai masalah dengan ingatan,,Symptom
S153,tumpuan,,Symptom
S154,membuat keputusan. memikirkan atau mencuba bunuh diri,,Symptom
S155,atau kerap berfikir tentang kematian. jika anda menemui doktor sewaktu episod kemurungan,,Symptom
S156,belum pernah mengalami mania,,Symptom
S157,anda mungkin akan didiagnosis dengan kemurungan. fakta kajian mendapati bahawa kira-kira 15% pesakit didiagnosis dengan kecelaruan kemurungan major sebenarnya menderita penyakit bipolar. kemurungan boleh sebabkan bipolar. punca penyakit bipolar atau faktor risiko pada pesakit yang didiagnosis dengan kecelaruan kemurungan major termasuklah: sekurang-kurangnya dua episod mood melampau di masa lalu sejarah keluarga dengan tanda jenis mania kejadian simptom psikiatri pertama sebelum usia 30 tahun episod kemurungan semasa berlangsung kurang daripada satu bulan ketidakstabilan mood dengan antidepresan mengalami perasaan bercampur maklumkan kepada doktor jika anda mengalami sebarang simptom atau ciri-ciri bipolar disorder malaysia mahupun keadaan mental yang lain,,Symptom
C040,cara mengatasi kemurungan adalah dengan hanya berfikiran positif!,,Condition
TRT138,kenal pasti pemikiran negatif jika anda ingin mengubah fikiran,,Treatment
TRT139,catatkannya,,Treatment
TRT140,cari cara terbaik untuk memperbetulkan pemikiran negatif ini. ia mungkin melibatkan kerja,,Treatment
TRT141,sekolah,,Treatment
TRT142,keluarga atau rakan-rakan. namun,,Treatment
TRT143,ada masanya pemikiran negatif itu adalah sesuatu kebenaran. tetapi catatkannya,,Treatment
TRT144,cari cara untuk memperbaikinya agar lebih baik. #,,Treatment
TRT145,cuba untuk fikir secara positif atau berhenti seketika dari menyesakkan fikiran anda. #,,Treatment
TRT146,senyum,,Treatment
TRT147,ketawa riang berjenaka atau berkomedi dapat membantu anda untuk senyum,,Treatment
TRT148,ketawa dengan lebih kerap dalam kehidupan . ini boleh membantu menjadi senyum sebagai tabiat anda. #,,Treatment
TRT149,bercakap perkara yang positif katakan kepada diri,,Treatment
TRT150,jangan fikirkan tentang individu lain atau katakan kepada individu lain tentang perkara yang anda sendiri tidak mahu fikir atau dengar. ia boleh menjadi sesuatu yang sukar,,Treatment
TRT151,namun,,Treatment
TRT152,ia boleh dijadikan rutin secara perlahan. #,,Treatment
TRT153,bersama,,Treatment
TRT154,berkawan dengan individu yang positif. ini boleh membantu anda untuk kekal positif. individu negatif hanya boleh menyebabkan anda tertekan,,Treatment
TRT155,menjadikan kemurungan lebih kronik. anda boleh merasa tertekan dengan pelbagai perkara dalam hidup anda. konklusi beberapa simptom kemurungan boleh mendatangkan impak dalam kehidupan,,Treatment
TRT156,kesihatan anda. walau bagaimanapun,,Treatment
TRT157,anda boleh menangani kemurungan dengan belajar untuk berfikiran positif. ia mungkin mengambil masa,,Treatment
TRT158,tetapi hasilnya pastinya memberikan kesan yang baik untuk anda !,,Treatment
C041,bagaimana untuk mengawal kemarahan - hello doktor,,Condition
C042,makanan bantu tingkatkan emosi anda - hello doktor,,Condition
C043,mengawal kemarahan? amalkan tip ini. berkesan! - hello doktor,,Condition
C044,perubahan emosi: apakah puncanya? - hello doktor,,Condition
T062,kegelisahan,,Trigger
T063,kesengsaraan kekeliruan,,Trigger
T064,mudah terlupa mudah hilang fokus pengambilan alkohol berlebihan berhalusinasi tertekan sering membuat keputusan terburu-buru melulu,,Trigger
T065,cuai bercakap laju kesukaran memahami,,Trigger
T066,menyampaikan maklumat perubahan selera,,Trigger
T067,berat badan kelesuan haid tidak teratur loya gangguan tidur faktor yang menyebabkan berlakunya perubahan keadaan mental seperti gangguan bipolar,,Trigger
T068,gangguan cyclothymic,,Trigger
T069,gangguan kemurungan utama,,Trigger
T070,dysthymia,,Trigger
T071,gangguan emosi,,Trigger
T072,gangguan ketidaksuburan juga boleh menyebabkan perubahan emosi ini. skizofrenia,,Trigger
T073,kecelaruan hiperaktif kurang daya tumpuan (adhd) juga boleh mengakibatkan berlakunya perubahan dalam emosi. ketidakstabilan hormon boleh mengganggu kimia otak yang akhirnya merubah emosi individu. remaja,,Trigger
T074,wanita hamil,,Trigger
T075,wanita yang berdepan dengan menopaus sering mengalami ketidakstabilan hormon,,Trigger
T076,sekali gus mendedahkan mereka kepada perubahan emosi ini. penggunaan dadah,,Trigger
T077,alkohol boleh memberikan kesan negatif kepada emosi. penyalahgunaan bahan ini boleh menyebabkan ketagihan,,Trigger
T078,mengganggu keadaan mental individu. keadaan kesihatan lain seperti yang menjejaskan fungsi paru-paru,,Trigger
T079,sistem kardiovaskular,,Trigger
T080,tiroid,,Trigger
T081,emosi boleh berubah disebabkan beberapa perkara lain,,Trigger
T082,termasuklah tekanan,,Trigger
T083,perubahan kehidupan,,Trigger
T084,diet pemakanan,,Trigger
T085,corak tidur,,Trigger
T086,ia tidak seharusnya menjadi kegelisahan. tetapi,,Trigger
T087,seandainya emosi yang berubah ini berterusan,,Trigger
T088,mendatangkan kesan kepada kehidupan seharian anda,,Trigger
T089,ia perlu diberi perhatian. contohnya,,Trigger
T090,jika perasaan yang anda lalui membuatkan anda melibatkan diri dalam tingkah laku yang merosakkan atau mencederakan diri sendiri,,Trigger
T091,anda perlu berjumpa doktor. kaedah merawat seandainya perubahan emosi yang berlaku disebabkan pengambilan ubatan,,Trigger
T092,merawat keadaan akan dapat membantu anda mengawal emosi. gabungan terapi,,Trigger
T093,ubatan dengan perubahan gaya hidup yang positif sangat berkesan dalam menangani perubahan berkaitan emosi ini. berikut adalah antara perkara yang boleh anda lakukan untuk membantu diri sendiri: kekal dengan jadual harian lakukan senaman secara teratur dapatkan tidur yang berkualiti menjaga pemakanan amalkan yoga atau bermeditasi hindari perkara yang boleh mendatangkan tekanan berbual dengan individu yang anda percaya,,Trigger
C045,potensi risiko kemurungan pada lelaki - hello doktor,,Condition
C046,mood berubah-ubah: adakah ia normal? - hello doktor,,Condition
C047,kecelaruan bipolar,,Condition
C048,apakah itu kecelaruan personaliti pinggiran (bpd)? - hello doktor,,Condition
C049,jenis-jenis kemurungan - hello doktor,,Condition
C050,depresi major - hello doktor,,Condition
C051,kemurungan melampau - hello doktor,,Condition
C052,cara terbaik mengawal marah - hello doktor,,Condition
C053,pemilihan warna: bagaimana warna mempengaruhi mood anda?,,Condition
C054,menangis,,Condition
C055,kesihatan emosi - hello doktor,,Condition
C056,mengapa anda mudah marah ketika lapar - hello doktor,,Condition
C057,berhenti merasa kasihan pada diri sendiri - hello doktor,,Condition
C058,jenis herba yang boleh bantu anda tenangkan fikiran! cuba 5 herba ini,,Condition
C059,cara atasi kemarahan guna rage room,,Condition
TRT159,lepaskan marah satu perkara yang baik? cara hilangkan kemarahan di bilik rage room . mencari cara untuk menyatakan kemarahan anda sebenarnya baik untuk kesihatan diri. menurut dr. scott bea,,Treatment
TRT160,ahli psikologi klinikal,,Treatment
TRT161,kemarahan yang terpendam sebenarnya boleh memicu banyak masalah lain kepada seseorang individu tersebut. ia boleh menyebabkan kemunculan simptom-simptom fisiologi atau psikologi seperti keresahan. oleh itu,,Treatment
TRT162,cara untuk kita menguruskan kemarahan tersebut adalah perlu. namun menurut dr. scott bea lagi,,Treatment
TRT163,kita biasanya tidak tahu cara yang terbaik untuk menguruskan kemarahan yang dirasakan. dr scott bea menambah,,Treatment
TRT164,memecahkan barang melalui bilik lepaskan marah mungkin membantu seseorang itu meluahkan kemarahan mereka dengan cara yang baik,,Treatment
TRT165,namun ia hanya bersifat sementara waktu sahaja. cara atasi kemarahan melalui bilik lepaskan marah ini tidak boleh membantu seseorang yang mempunyai masalah kemarahan yang kronik. manfaat atasi marah anda melalui rage room walaupun tidak terdapat banyak kajian yang menyatakan manfaat bilik lepaskan marah ini,,Treatment
TRT166,namun ia mungkin boleh memberikan beberapa kebaikan kepada anda. antaranya ialah: manfaat atasi marah anda melalui rage room #,,Treatment
TRT167,rasa seperti diberikan kuasa kemarahan boleh berpunca daripada rasa tidak berdaya,,Treatment
TRT168,kurang kawalan ke atas sesuatu situasi. mencari cara untuk menyalurkan kemarahan anda,,Treatment
TRT169,walaupun secara ringkas atau sementara,,Treatment
TRT170,boleh membantu anda berasa seperti menuntut semula emosi. kesannya,,Treatment
TRT171,anda mungkin berasa lebih berkuasa,,Treatment
TRT172,bersedia untuk menangani situasi itu semula. manfaat atasi marah anda melalui rage room #,,Treatment
TRT173,kebebasan untuk lepaskan marah tanpa sangkaan buruk orang lain sifat marah merupakan antara emosi yang tidak diterima ramai,,Treatment
TRT174,terutamanya di tempat-tempat awam. apatah lagi jika anda melepaskannya di tempat umum sehingga menimbulkan situasi genting atau tidak selesa kepada orang lain. oleh itu,,Treatment
TRT175,penggunaan bilik lepaskan marah seperti ini boleh menjadi satu cara atasi kemarahan yang baik tanpa sangkaan buruk orang lain. manfaat atasi marah anda melalui rage room #,,Treatment
TRT176,ruang terbaik untuk teroka emosi anda di bilik lepaskan marah,,Treatment
TRT177,anda berpeluang untuk meneroka emosi-emosi anda dengan cara yang lebih tertutup,,Treatment
TRT178,selamat. ini kerana,,Treatment
TRT179,bilik ini mempunyai sempadan untuk membantu anda menguruskan kemarahan dengan selamat. risiko yang mungkin berlaku apabila anda guna bilik lepaskan marah aktiviti memecahkan barang dalam bilik ini sememangnya boleh membantu anda menyalurkan kemarahan. namun,,Treatment
TRT180,amalan ini boleh menyebabkan tingkah laku yang kasar,,Treatment
TRT181,ganas,,Treatment
TRT182,agresif jika tidak dikawal dengan baik. kemarahan anda perlu disalurkan dengan cara yang betul. perlu diketahui,,Treatment
TRT183,bahawa penggunaan rage room sebagai cara atasi kemarahan merupakan salah satu kaedah untuk melepaskannya sahaja,,Treatment
TRT184,bukan untuk menghalangnya secara total. anda boleh memecahkan barang sesuka hati anda,,Treatment
TRT185,tetapi ia tidak dapat menyelesaikan masalah dasar yang menyebabkan kemarahan itu. cara atasi kemarahan lain yang boleh anda lakukan memasuki bilik lepaskan marah ini bukanlah satu-satunya jalan untuk anda uruskan kemarahan yang terpendam. sebenarnya,,Treatment
TRT186,ada banyak lagi cara yang lebih sihat untuk anda lakukannya. antaranya ialah: cara hilangkan kemarahan #,,Treatment
STR013,lakukan teknik relaksasi ketika anda sedang mengalami kemarahan,,Strategy
STR014,cuba lakukan teknik-teknik relaksasi seperti menarik nafas berulang kali atau melakukan senaman yoga. anda juga boleh bersenam kerana senaman boleh menenangkan otak,,Strategy
TRT187,emosi anda. cara hilangkan kemarahan #,,Treatment
TRT188,ketahui punca,,Treatment
TRT189,cara atasinya kenal pasti apakah punca atau faktor yang menyebabkan anda mudah menjadi marah. setelah itu,,Treatment
TRT190,atasi punca tersebut dengan cara yang sesuai. salurkan kemarahan yang dialami dengan kaedah yang tepat agar anda tidak begitu teringin untuk melepaskannya kepada objek atau individu lain. manusia cenderung marah ketika berada di dalam kereta. #,,Treatment
TRT191,belajar cara bersosial yang sihat dengan mempelajari kaedah bersosial yang sihat,,Treatment
TRT192,anda akan mempunyai hubungan sosial yang lebih baik dengan individu lain. dengan itu,,Treatment
TRT193,anda lebih sukar untuk berasamara atau tekanan emosi. #,,Treatment
TRT194,bijak dalam menyelesaikan masalah,,Treatment
TRT195,cara hilangkan kemarahan hal-hal seperti isu kekeluargaan atau pekerjaan sememangnya agak sukar untuk diselesaikan. namun,,Treatment
TRT196,tidak bermakna anda tidak boleh cuba untuk memperbaikinya. elakkan penglibatan emosi sewaktu mengendalikan masalah yang berlaku. lakukannya dengan tenang,,Treatment
TRT197,dapatkan pandangan daripada individu lain jika perlu. #,,Treatment
TRT198,tukar cara berfikir jika alami masalah mungkin anda perlu mengubah cara anda memandang masalah yang sedang berlaku. ingatlah,,Treatment
TRT199,sifat marah tidak akan menyelesaikan masalah yang berlaku,,Treatment
TRT200,malah boleh memburukkan lagi keadaan sehingga boleh membuatkan anda menyesal di kemudian hari,,Treatment
C060,tanda tanda tekanan emosi & sindrom itik,,Condition
C061,menyanyi,,Condition
C062,menari: benarkah aktiviti ini mampu kurangkan tekanan emosi?,,Condition
C063,rambut beruban disebabkan tekanan emosi,,Condition
C064,banyak berfikir,,Condition
C065,punca tekanan emosi anak boleh diatasi dengan 5 tip ini - hello doktor,,Condition
T094,aspek pencapaian peribadi (keputusan cemerlang,,Trigger
T095,mendapat pekerjaan yang bagus kelak). aspek sahsiah (berperangai elok,,Trigger
T096,memfokuskan kepada tatasusila anak). keputusan tersebut kemudiannya dibandingkan dengan gred peperiksaan yang dicapai,,Trigger
T097,sahsiah mereka di sekolah. ibu bapa yang menekankan konsep sahsiah dalam hidup mempunyai anak yang mencapai keputusan baik dalam peperiksaan,,Trigger
T098,tingkah laku. antara lain punca tekanan emosi,,Trigger
T099,mereka yang ditekankan dengan kejayaan akademik pula berisiko untuk alami masalah kemurungan,,Trigger
T100,keresahan,,Trigger
T101,kurang keyakinan diri,,Trigger
T102,masalah dalam pelajaran. perkara ini jelas menunjukkan bahawa punca tekanan emosi,,Trigger
T103,tekanan untuk mencapai keputusan cemerlang boleh mempengaruhi keperibadian pelajar,,Trigger
T104,keputusan akademik yang bakal dicapai oleh mereka. sudah berapa banyak berita yang dilaporkan di akhbar berkenaan dengan kes pelajar bunuh diri kerana tertekan dengan punca tekanan emosi dalam keluarga untuk capai prestasi lebih baik. secara tidak langsung,,Trigger
T105,punca tekanan emosi,,Trigger
T106,tekanan,,Trigger
T107,desakan yang diberikan seakan-akan menunjukkan ibu bapa tidak percaya akan keupayaan anak. saban tahun,,Trigger
T108,hormat orang lain,,Trigger
T109,sahsiah terpuji juga satu bentuk kejayaan yang dicapai oleh anak anda. jangan lupa untuk puji mereka sekiranya mereka cemerlang dalam aspek sahsiah hidup. ia akan membentuk atitud positif,,Trigger
T110,tekanan daripada ibu bapa boleh menjadi punca tekanan emosi kepada anak-anak untuk berusaha memperbaiki diri. perhatian! berikan ruang untuk buktikan kemampuan diri mereka. jangan lupa,,Trigger
T111,jika anak anda berjaya dalam aspek tertentu,,Trigger
T112,tidak kiralah sekecil mana pun,,Trigger
T113,pujilah mereka. [embed-health-tool-child-growth-chart],,Trigger
C066,kerja lebih masa buatkan anda burnout? ini 7 tip atasinya - hello doktor,,Condition
C067,berasa sunyi? anda boleh atasinya dengan 7 perkara ini - hello doktor,,Condition
C068,tanda tekanan emosi bagi lelaki,,Condition
C069,kelesuan kerja boleh sebabkan masalah jantung - kajian - hello doktor,,Condition
C070,argh,,Condition
C071,meletakkan pokok atas meja kerja bantu emosi,,Condition
C072,kurangkan tekanan,,Condition
C073,malas pergi kerja? atasi monday blues - hello doktor,,Condition
C074,kerja dan tekanan emosi – punca dan menanganinya - hello doktor,,Condition
T114,punca utama yang boleh mencetuskan tekanan emosi di tempat kerja adalah: budaya sesuatu organisasi pengurusan yang lemah permintaan pekerjaan tempat pekerjaan fizikal hubungan sesama pekerja kurangnya sokongan perubahan dalam polisi pengurusan konflik peraturan trauma kerja lebih masa ‘deadline’ yang melampau mikro-pengurusan kurangnya peralatan,,Trigger
T115,sumber kurangnya peluang untuk naik pangkat gangguan punca tekanan emosi berkaitan pekerjaan boleh dikategorikan kepada keupayaan individu,,Trigger
T116,faktor organisasi. keupayaan individu merujuk kepada kemahiran seseorang pekerja,,Trigger
T117,keadaan psikologikal,,Trigger
T118,kesihatan fizikal,,Trigger
T119,mekanisme penerimaan terhadap faktor organisasi seperti arahan pengurusan atau kaedah pengurusan,,Trigger
T120,budaya sesebuah organisasi,,Trigger
T121,waktu bekerja,,Trigger
T122,banyak lagi. maka,,Trigger
T123,akibat daripada tekanan emosi juga akan mempengaruhi kesihatan seseorang individu,,Trigger
T124,juga sesebuah organisasi. tanda-tanda tekanan emosi berkaitan kerja pada seseorang pekerja apabila seseorang pekerja sudah tidak tahan berdepan dengan tekanan emosi yang dihadapinya,,Trigger
T125,pekerja akan menerima kesannya secara langsung. ia akan menyusutkan kualiti kesihatan mental,,Trigger
T126,fizikal. jika ia berterusan,,Trigger
T127,ia akan menjurus kepada masalah kesihatan psikologikal seperti jiwa tidak tenteram,,Trigger
T128,kemurungan kronik,,Trigger
T129,masalah mental yang lain. selain itu,,Trigger
T130,tekanan emosi juga akan mempengaruhi keadaan fizikal badan seperti penyakit kardiovaskular,,Trigger
T131,penaykit maskularskeletal,,Trigger
T132,masalah pernafasan,,Trigger
T133,banyak lagi. justeru itu,,Trigger
T134,tanda-tanda adalah berbeza mengikut keadaan kesihatan seseorang individu. perasaan negatif,,Trigger
T135,kemurungan perasaan negatif boleh terbentuk dalam pelbagai cara. ia mungkin bersifat sementara seperti perasaan yang teruk apabila anda gagal melakukan sesuatu tugaan. kemudian ia mula membentuk kepada perasaan ragu-ragu terhadap keupayaan sendiri,,Trigger
T136,anda mula mempersoalkan kebolehan anda. masalah kecil yang berlaku boleh mengakibatkan anda berasa sangat kecewa pada diri. hilangnya keyakinan diri boleh menyebabkan kemurungan,,Trigger
T137,jiwa tidak tenteram. sifat agresif anda menjadi marah terhadap semua orang. jenaka yang anda selalu ketawakan bersama rakan-rakan sudah menjadi satu penghinaan yang anda rasakan perlu untuk melawan mereka kembali. tindakan biasa oleh rakan sekerja sudah menjadi satu penghinaan kepada anda. anda gagal mengawal kemarahan. anda cepat melatah di tempat kerja. peralihan mood yang luar biasa ada hari anda datang ke tempat pekerjaan dengan perasaan gembira,,Trigger
T138,tapi setengah jam kemudian,,Trigger
T139,anda berasa sangat kecewa,,Trigger
T140,mula menitiskan air mata. apabila anda selesai melalui mood ‘blue’ itu anda akan berasa sangat malu,,Trigger
T141,mungkin juga terlebih tidur. begitu juga habit pemakanan anda. mungkin selera anda bertambah atau berkurang dengan mendadak. penyalahgunaan bahan terlarang bagi menghadapi tekanan emosi,,Trigger
T142,anda akan menyalahgunakan alkohol atau dadah. anda juga akan mula ketagih kepada alkohol,,Trigger
T143,dadah rekreasi mahupun kedua-duanya. masalah ketepatan masa akibat daripada kurangnya motivasi atau ketakutan pada kerja,,Trigger
T144,anda akan tidak sengaja datang lewat ke tempat kerja,,Trigger
T145,kemungkinan besar anda mengalami tekanan emosi berkaitan pekerjaan. anda perlu berbicara dengan pengurus atau wakil yang mewakili kesatuan sekerja anda untuk mencari jalan penyelesaian masalah tekanan emosi tersebut. walau bagaimanapun,,Trigger
T146,simptom-simptom di atas mungkin bermaksud tekanan emosi,,Trigger
T147,ia juga bolej menjadi pengukur terhadap keadaan kesihatan. jika anda mengalami simptom di atas untuk masa yang lama,,Trigger
T148,berundinglah segera dengan pakar kesihatan anda. jika masalah anda bermula daripada keadaan kesihatan yang teruk,,Trigger
T149,dengan mengenalpasti punca masalah,,Trigger
T150,merawat kembali mood anda seperti sediakala. jika anda mengenalpasti tanda-tanda ini dalam kumpulan kerja,,Trigger
T151,sila lah berunding penyelia dengan penyelia anda. dalam pengurusan tekanan emosi,,Trigger
T152,campur tangan atau ‘early intervention’ dengan menilai perubahan dinamik dalam kumpulan pekerjaan serta mengambil langkah pro-aktif dalam menangani perubahan tingkahlaku kecil,,Trigger
T153,drastik amat diperlukan. setiap daripada kita mengalami hari yang teruk,,Trigger
T154,bagus. rakan sekerja anda mungkin nampak tidak bermaya,,Trigger
T155,goyah pada sesuatu hari,,Trigger
T156,namun tidak semestinya dia berhadapan dengan masalah tekanan emosi berkaitan pekerjaan. buatlah pertimbangan terbaik terhadap simptom yang anda lihat di tempat kerja. hello health group tidak memberikan nasihat perubatan,,Trigger
T157,diagnosis,,Trigger
T158,rawatan,,Trigger
C075,kepala botak sebab kerja lebih masa? - hello doktor,,Condition
C076,tanaman rumah sebagai 1 terapi,,Condition
TRT201,philodendron peace lily aloe vera snake plant (aka lidah mak mertua) spider plant boston fern chrysanthemums weeping fig english ivy gerbera daisy bamboo palm asparagus fern rubber plant lucky bamboo trend semasa meletakkan tanaman rumah boleh dilihat sebagai satu trend semasa yang sedang mendapat permintaan tinggi. selain berfungsi sebagai terapi tekanan emosi,,Treatment
TRT202,ia juga bertujuan sebagai hiasan untuk menambahkan seri persekitaran dalam rumah. jadi bila dalam keadaan tertekan,,Treatment
TRT203,tengok tumbuhan hijau dalam rumah,,Treatment
TRT204,dapatlah redakan hati ‘tu’. rumah berseri,,Treatment
TRT205,hati pun tak sakit. kebaikan lain yang boleh diperolehi dengan meletakkan pokok dalam rumah adalah: membantu pernafasan lebih baik menjadikan sesuatu ruang di dalam rumah lebih selesa baik untuk perkembangan mental memberikan anda kepuasan membantu melupakan tekanan yang dialami meningkatkan produktiviti diri mempercepatkan proses penyembuhan meningkatkan penjagaan terapeutik bergantung kepada kesesuaian jika anda berminat untuk meletakkan tanaman rumah,,Treatment
TRT206,perkara yang paling utama adalah untuk memastikan kesesuaian sesuatu jenis tumbuhan itu. dalam masa yang sama,,Treatment
TRT207,jangan pula meletakkan terlalu banyak tumbuhan sehingga menyesakkan keadaan di dalam rumah. tambah tekanan emosi ‘pulak’ nanti. seeloknya dalam lima hingga enam jenis tanaman hiasan. pastikan anda tidak mengabaikan aspek penjagaan,,Treatment
TRT208,penyelenggaraannya. jangan ingat letak dalam rumah,,Treatment
TRT209,tanaman tersebut ‘tak’ perlukan air pulak. anda mungkin berminat untuk membaca artikel: alahan debunga: adakah ia berbahaya? 5 cara melawan tekanan dan kekal cergas berdasarkan kajian,,Treatment
TRT210,pencemaran udara boleh jadi pembunuh senyap kehamilan kelapa: tumbuhan terkenal pelbagai guna,,Treatment
TRT211,kesan sampingannya pernahkah anda dengar mengenai ‘manusia pokok’?,,Treatment
C077,ibu baru: peranan,,Condition
C078,cara mengatasinya - hello doktor,,Condition
C079,tekanan di tempat kerja: tips mengurangkannya - hello doktor,,Condition
C080,manfaat terapi muzik yang mungkin anda tidak ketahui - hello doktor,,Condition
TRT212,memperbaiki pernafasan menjadi tekanan darah lebih rendah memperbaiki fungsi jantung memperbaiki kadar denyutan jantung memberikan kelegaan kepada otot yang tegang terapi ini dipercayai memberikan kesan signifikan terdapat keberkesanan rawatan pesakit,,Treatment
TRT213,termasuk mengurangkan kesakitan,,Treatment
TRT214,memberi ketenangan,,Treatment
TRT215,memperbaiki kadar penafasan,,Treatment
TRT216,menjadikan tahap kegelisahan pada tahap yang lebih rendah. kesan kepada mental berada di hospital,,Treatment
TRT217,khususnya kepada kanak-kanak,,Treatment
TRT218,boleh memberikan pengalaman yang menakutkan,,Treatment
TRT219,mengerikan,,Treatment
TRT220,lebih-lebih lagi melibatkan masalah kesihatan berkaitan kanser atau penyakit lain yang serius. salah satu impak berada di hospital adalah tekanan,,Treatment
TRT221,yang dengan sendiri boleh mewujudkan masalah kesihatan. antara simptom tekanan yang biasa adalah: sakit kepala kesakitan atau ketegangan otot sakit dada kelesuan gangguan pada perut masalah tidur antara kesan tekanan kepada emosi: kegelisahan kurang rehat kurang motivasi untuk fokus perasaan bercampur baur kemarahan kemurungan atau kesedihan antara kesan tekanan kepada tingkah laku: bereaksi secara berlebihan atau sebaliknya kemarahan yang melampau mengasingkan diri dari sosial manfaat terapi muzik mengurangkan kegelisahan,,Treatment
TRT222,tekanan walaupun mungkin terdapat pelbagai variasi pilihan muzik,,Treatment
TRT223,tetapi secara amnya,,Treatment
TRT224,ia memberikan kesan fisiologi langsung melalui sistem saraf autonomi. muzik berkeupayaan untuk mewujudkan response motor,,Treatment
TRT225,emosi secara langsung,,Treatment
TRT226,terutama apabila digabungkan dengan pergerakan,,Treatment
TRT227,rangsangan laluan deria yang berbeza. memperbaiki simptom autisme minat yang ditunjukkan oleh kebanyakan individu yang mengalami autisme terhadap muzik,,Treatment
TRT228,memperlihatkan perubahan dalam komunikasi nonverbal,,Treatment
TRT229,lisan melalui terapi muzik – yang kini dipercayai antara satu rawatan alternatif untuk merawat autisme. kajian menunjukkan terapi muzik yang dapat memperbaiki tingkah laku sosial,,Treatment
TRT230,tumpuan,,Treatment
TRT231,perhatian,,Treatment
TRT232,komunikasi,,Treatment
TRT233,kegelisahan,,Treatment
TRT234,tahap kewaspadaan diri pesakit autisme. memperbaiki kemurungan terapi muzik adalah antara cara untuk merawat masalah kemurungan. ia bukan sekadar membantu memperbaiki emosi,,Treatment
TRT235,tetapi dapat memperbaiki kadar denyutan,,Treatment
TRT236,pernafasan,,Treatment
TRT237,tekanan darah. mengatasi masalah penyakit alzheimer,,Treatment
TRT238,parkinson kajian menunjukkan terapi ini dapat meningkatkan fungsi kognitif,,Treatment
TRT239,kualiti hidup pesakit yang mengalami masalah kognitif,,Treatment
TRT240,termasuk parkinson,,Treatment
TRT241,alzheimer. muzik dipercayai dapat memberikan satu bentuk terapi yang menggalakkan pesakit-pesakit ini untuk membantu mereka mengatasi simptom,,Treatment
TRT242,menawarkan rangsang kepada deria mereka bersama sokongan sosial untuk sesi yang dijalankan secara berkumpulan. meningkatkan perkembangan janin ibu hamil yang sering mendedahkan muzik kepada bayi dalam kandungan menunjukkan bayi akan lebih bertindak balas terhadap muzik selepas dilahirkan. malah muzik juga dapat mempengaruhi tingkah laku positif neonatal. mengurangkan kesakitan muzik dapat merubahan anggapan tentang kesakitan individu. kajian menunjukkan,,Treatment
TRT243,pesakit pediatrik yang telah menjalani pembedahan,,Treatment
TRT244,pesakit yang mengidap penyakit kronik berkaitan masalah belakang,,Treatment
TRT245,pesakit kanser – sebagai contoh – apabila dilakukan terapi muzik,,Treatment
TRT246,dapat mengurangkan tahap kesakitan pesakit,,Treatment
C081,bagaimana muzik mempengaruhi emosi? - hello doktor,,Condition
C082,pakar psikiatri: apa yang perlu anda jangkakan jika bertemu mereka?,,Condition
C083,fikiran kosong: apakah puncanya? - hello doktor,,Condition
T159,perubahan. ada masanya anda telah berlatih,,Trigger
T160,menghafal teks ucapan anda sebaiknya,,Trigger
T161,tetapi apabila berdiri di khalayak umum,,Trigger
T162,anda secara tiba-tiba menukar pengucapan anda yang menyebabkan anda kehilangan idea,,Trigger
T163,keliru. dalam situasi peperiksaan pula,,Trigger
T164,anda mungkin diberitahu oleh rakan tentang topik yang mungkin akan keluar dalam peperiksaan,,Trigger
T165,tetapi apabila melihat kertas soalan,,Trigger
T166,tiada satu topik yang anda baca keluar dalam kertas peperiksaan,,Trigger
T167,di mana anda akan merasa gementar apabila perlu berdiri di khalayak umum untuk melakukan pengucapan atau persembahan. ia merupakan satu ketakutan,,Trigger
T168,rasa tidak berdaya membuatkan anda berisiko mengalami situasi fikiran kosong. ubatan. pengambilan ubatan tertentu atas faktor kesihatan juga boleh menjadi antara penyebab yang membuatkan anda cenderung mengalami fikiran kosong. jika anda mengalaminya setelah mengambil ubat baru,,Trigger
T169,sebaiknya anda berbincang dengan doktor untuk memastikan ia adalah kesan sampingan daripada ubatan. kurang tidur. rehat yang tidak mencukupi juga boleh menyebabkan badan anda menjadi letih,,Trigger
T170,lesu. keadaan ini sekali gus boleh mendatangkan impak kepada pemikiran anda. emosi terganggu. kesibukan dengan tugasan harian,,Trigger
T171,kerja boleh menyebabkan emosi anda terganggu. tidak menjaga kesihatan diri juga boleh menjadi punca berlakunya fikiran kosong akibat keletihan. keadaan kesihatan. masalah kesihatan yang mempunyai kaitan dengan fikiran kosong adalah termasuk,,Trigger
T172,keradangan,,Trigger
T173,keletihan,,Trigger
T174,perubahan tahap gula dalam darah. individu yang didiagnosis dengan fibromyalgia mungkin akan mengalami keletihan mental setiap hari. beberapa keadaan lain yang menyebabkan simptom fikiran kosong,,Trigger
T175,fikiran kosong adalah fenomena yang amat menjengkelkan,,Trigger
T176,mengganggu untuk menyelesaikan tugasan yang perlu dilakukan. kenapa ia berlaku? anatomi ketika berlakunya mind blank terdapat 3 bahagian utama otak yang terlibat apabila menghadapi situasi fikiran kosong: hipotalamus,,Trigger
T177,hippocampus,,Trigger
T178,prefrontal cortex (pfc). hipotalamus – penghubung antara emosi,,Trigger
T179,fizikal. ia sangat berkaitan dengan sistem endokrin,,Trigger
T180,hormon yang wujud di seluruh badan. hippocampus – pusat emosi. memainkan peranan penting dalam kedua-dua proses pembelajaran,,Trigger
T181,mengulangi atau mengingati fakta prefrontal cortex – mengawal aspek yang membeza antara manusa,,Trigger
T182,haiwan,,Trigger
T183,termasuk membuat perancangan,,Trigger
T184,keputusan,,Trigger
T185,kawalan impuls,,Trigger
T186,interaksi sosial. kognisi sejuk,,Trigger
T187,panas ketika berada dalam situasi normal,,Trigger
T188,otak berada dalam kognisi sejuk ( cold cognition) . hipotalamus berfungsi secara perlahan,,Trigger
T189,normal,,Trigger
T190,membolehkan anda menikmati muzik ketika belajar atau melakukan sebarang tugasan,,Trigger
T191,tahap hormon tekanan berada pada tahap rendah. sebaliknya,,Trigger
T192,ketika berada dalam situasi yang mengelisahkan,,Trigger
T193,berisiko atau menakutkan,,Trigger
T194,atau siatuasi yang tidak normal,,Trigger
T195,otak berada dalam kognisi panas ( hot cognition) . dalam situasi yang mendatangkan ketegangan ini,,Trigger
T196,hipotalamus mengaktifkan respons tindak balas fight-or-flight – iaitu tindak balas yang melibatkan psikologi,,Trigger
T197,sama ada untuk melawan atau mengabaikannya – yang menghasilkan kortisol,,Trigger
T198,hormon menarik lain dalam badan. hormon ini menyerang pfc,,Trigger
T199,mengganggu aktiviti neuron,,Trigger
T200,pola biasa otak. ini mengakibatkan fungsi otak untuk mengingati atau mengulangi fakta terganggu. cara merawat walaupun mengalami fikiran kosong adalah sesuatu keadaan yang tidak boleh kita jangka,,Trigger
T201,tetapi terdapat beberapa perkara yang boleh anda lakukan untuk mengelakkan situasi ini. perkara paling penting yang anda harus menghindari sebarang perkara yang boleh menyebabkan anda mengalami tekanan,,Trigger
T202,kegelisahan. cuba untuk menggunakan teknik pernafasan mendalam jika anda merasakan anda dalam keadaan tertekan,,Trigger
T203,gelisah. lakukan persiapan dengan sebaik mungkin,,Trigger
T204,sama ada tugasan anda melibatkan pengucapan di khalayak umum atau berkaitan peperiksaan. pastikan sewaktu anda melakukan persiapan itu,,Trigger
T205,anda tetap menjaga kesihatan diri,,Trigger
T206,memberikan diri rehat,,Trigger
T207,tidur yang secukupnya serta mengambil pemakanan yang sihat,,Trigger
C084,masalah mengendalikan kemarahan? fahaminya di sini- hello doktor,,Condition
C085,5 tip atasi tekanan - hello doktor,,Condition
C086,selalu marah-marah? ini ada tip mengawal kemarahan - hello doktor,,Condition
C087,bagaimana alam boleh melegakan tekanan anda - hello doktor,,Condition
C088,tip mengendalikan tekanan di rumah - hello doktor,,Condition
C089,bagaimana menangani tekanan di tempat kerja? - hello doktor,,Condition
C090,kemurungan,,Condition
C091,kecelaruan episod kemurungan major,,Condition
C092,kecelaruan keresahan,,Condition
C093,kecelaruan keresahan menyeluruh,,Condition
C094,kecelaruan panik,,Condition
C095,tekanan pasca trauma,,Condition
C096,keresahan,,Condition
C097,kurang daya tumpuan,,Condition
C098,hiperaktif,,Condition
C099,bipolar,,Condition
C100,skizofrenia,,Condition
C101,kecelaruan personaliti,,Condition
C102,kecelaruan personaliti antisosial,,Condition
C103,kecelaruan personaliti histrionik,,Condition
C104,kecelaruan personaliti pinggiran,,Condition
C105,kecelaruan identiti disosiatif,,Condition
C106,gejala somatik,,Condition
S158,gangguan ini selalu bermula pada fasa akhir perkembangan kanak-kanak. keadaan ini disifatkan oleh orang mesir purba,,Symptom
S159,kemudiannya berlaku pada tahun 1900-an sebagai histeria . nama semasanya diperkenalkan pada 2013 dalam manual diagnostik,,Symptom
S160,statistik gangguan mental edisi kelima (dsm-v),,Symptom
C107,psikoterapi,,Condition
C108,ketakutan,,Condition
C109,insomnia,,Condition
C110,keletihan,,Condition
C111,kecelaruan ingkar,,Condition
